n1,n2,weight
1732,1536,-1.0
1777,205,1.0
1778,205,1.0
1779,205,1.0
1780,205,1.0
1781,205,1.0
1782,205,1.0
1783,205,1.0
729,205,1.0
1784,726,-1.0
1785,726,-1.0
402,251,-1.0
1786,468,-1.0
1787,468,-1.0
1788,468,-1.0
1365,683,1.0
1350,683,1.0
1366,683,1.0
1368,683,1.0
1367,683,1.0
1352,683,-1.0
318,25,1.0
319,25,1.0
320,25,1.0
321,25,1.0
131,25,1.0
87,25,-1.0
85,25,-1.0
86,25,-1.0
84,25,-1.0
88,25,-1.0
89,25,-1.0
1372,698,1.0
1371,698,1.0
783,790,-1.0
781,790,-1.0
1578,790,-1.0
1581,790,-1.0
1461,787,-1.0
1183,787,-1.0
242,10,1.0
244,10,1.0
243,10,1.0
245,10,1.0
130,10,-1.0
241,10,-1.0
448,146,-1.0
1285,528,-1.0
1542,870,1.0
1107,870,-1.0
683,179,1.0
1789,179,1.0
696,179,1.0
691,179,1.0
692,179,1.0
693,179,1.0
689,179,1.0
675,179,1.0
694,179,1.0
688,179,1.0
687,179,1.0
690,179,1.0
682,179,1.0
1266,918,-1.0
451,113,1.0
548,113,1.0
1790,113,1.0
867,113,-1.0
432,113,-1.0
868,113,-1.0
990,309,1.0
988,309,1.0
740,211,-1.0
481,348,-1.0
251,348,-1.0
1791,292,1.0
1792,292,1.0
1793,292,1.0
1794,292,1.0
1795,292,1.0
1796,292,1.0
1797,292,1.0
1798,292,1.0
1799,292,1.0
1800,292,1.0
1801,292,1.0
1802,292,1.0
1803,292,-1.0
1804,292,-1.0
1805,292,-1.0
94,13,1.0
95,13,1.0
91,13,1.0
92,13,1.0
93,13,1.0
90,13,1.0
272,13,-1.0
83,13,-1.0
82,13,-1.0
98,13,-1.0
81,13,-1.0
273,13,-1.0
1617,1040,-1.0
1119,1040,-1.0
1806,1082,-1.0
1130,1082,-1.0
1807,1082,-1.0
1808,901,-1.0
1109,901,-1.0
1202,466,-1.0
1262,466,-1.0
1317,466,-1.0
1185,466,-1.0
716,349,1.0
1809,349,1.0
641,349,1.0
1290,396,-1.0
1146,396,-1.0
336,34,1.0
335,34,1.0
230,34,1.0
79,34,1.0
229,34,-1.0
228,34,-1.0
249,34,-1.0
1135,962,-1.0
1049,330,-1.0
869,330,-1.0
904,338,1.0
903,338,1.0
902,338,1.0
1025,338,1.0
873,338,1.0
1027,338,-1.0
1810,338,-1.0
534,338,-1.0
1514,507,-1.0
1486,507,-1.0
1611,507,-1.0
1168,507,-1.0
1343,507,-1.0
1652,507,-1.0
1453,507,-1.0
1458,507,-1.0
1811,507,-1.0
1812,566,-1.0
1236,572,-1.0
1813,572,-1.0
1338,572,-1.0
1175,572,-1.0
1448,794,-1.0
824,261,1.0
838,261,1.0
839,261,1.0
848,261,1.0
1814,261,-1.0
852,261,-1.0
1815,261,-1.0
1816,261,-1.0
1817,261,-1.0
313,7,1.0
314,7,1.0
316,7,1.0
310,7,1.0
317,7,1.0
316,7,1.0
315,7,-1.0
311,7,-1.0
312,7,-1.0
309,7,-1.0
308,7,-1.0
1584,974,-1.0
1134,974,-1.0
307,1048,-1.0
1627,1048,-1.0
1621,1048,-1.0
1709,1416,-1.0
1733,1416,-1.0
1707,1416,-1.0
1818,823,-1.0
1819,823,-1.0
1629,823,-1.0
1239,981,-1.0
1820,752,-1.0
1821,752,-1.0
1822,752,-1.0
505,229,1.0
809,229,1.0
938,229,1.0
770,229,-1.0
769,229,-1.0
1823,229,-1.0
669,229,-1.0
1824,229,-1.0
396,240,1.0
429,240,1.0
1825,714,-1.0
1826,305,1.0
1091,305,1.0
991,305,1.0
1827,305,1.0
786,544,-1.0
1308,610,-1.0
1828,22,1.0
1829,22,1.0
1830,22,1.0
1831,22,1.0
1832,22,1.0
1833,22,1.0
1834,22,1.0
1835,22,1.0
1836,22,1.0
1837,22,1.0
1838,22,1.0
1839,22,1.0
1840,22,1.0
1841,22,-1.0
1842,22,-1.0
1843,22,-1.0
174,22,-1.0
1844,22,-1.0
1845,22,-1.0
1846,22,-1.0
1847,22,-1.0
1848,22,-1.0
1849,22,-1.0
173,22,-1.0
172,22,-1.0
1744,1460,-1.0
1444,756,-1.0
1549,1024,1.0
1163,1024,-1.0
1153,1024,-1.0
1604,1024,-1.0
1850,1024,-1.0
1607,1024,-1.0
566,224,1.0
659,224,1.0
1851,224,1.0
763,224,1.0
592,224,1.0
946,304,1.0
1852,304,-1.0
658,304,-1.0
1222,928,-1.0
1359,676,1.0
893,83,-1.0
479,83,-1.0
447,83,-1.0
1362,680,1.0
1364,680,1.0
1853,1656,-1.0
1403,365,-1.0
1677,1398,-1.0
1678,1398,-1.0
1854,844,-1.0
1855,844,-1.0
752,425,-1.0
639,425,-1.0
550,425,-1.0
1624,425,-1.0
1232,425,-1.0
1189,425,-1.0
1341,1089,-1.0
1340,1089,-1.0
1856,168,1.0
1857,168,1.0
648,168,1.0
631,168,1.0
1084,168,1.0
650,168,1.0
647,168,1.0
764,282,-1.0
1858,282,-1.0
1859,1612,-1.0
1666,1457,1.0
1860,1017,-1.0
1861,1017,-1.0
1862,1017,-1.0
1754,1691,1.0
1763,1691,1.0
1753,1691,1.0
1117,517,-1.0
1102,517,-1.0
1863,263,1.0
1864,263,1.0
1865,263,1.0
852,263,1.0
1866,263,1.0
1867,263,1.0
838,263,-1.0
839,263,-1.0
848,263,-1.0
1416,730,1.0
1475,730,1.0
1642,730,1.0
1218,730,-1.0
804,90,-1.0
1868,882,-1.0
1869,882,-1.0
1870,882,-1.0
905,308,-1.0
388,308,-1.0
532,308,-1.0
1691,1375,-1.0
1374,703,1.0
1376,703,1.0
1375,703,1.0
1471,703,-1.0
1470,703,-1.0
1660,442,-1.0
1010,325,-1.0
376,325,-1.0
1597,898,-1.0
1757,1708,-1.0
1756,1708,-1.0
1755,1708,-1.0
1762,1674,1.0
1752,1674,1.0
1414,964,-1.0
1348,964,-1.0
1141,937,-1.0
1181,937,-1.0
1688,1572,1.0
1738,1572,1.0
1739,1572,1.0
1673,1131,1.0
1675,1131,1.0
1728,1131,1.0
1687,1131,1.0
1669,1131,1.0
1663,1131,1.0
1686,1131,1.0
1674,1131,1.0
1396,688,-1.0
1871,849,-1.0
1872,849,-1.0
1320,460,-1.0
1873,460,-1.0
1531,460,-1.0
1679,1444,1.0
1526,406,-1.0
1527,406,-1.0
1528,406,-1.0
1491,406,-1.0
1525,526,-1.0
1771,1761,1.0
1769,1761,1.0
1874,891,-1.0
706,180,1.0
705,180,1.0
707,180,1.0
703,180,1.0
680,180,1.0
704,180,1.0
677,180,1.0
679,180,1.0
695,180,1.0
1875,180,-1.0
1876,260,1.0
841,260,1.0
843,260,-1.0
844,260,-1.0
847,260,-1.0
846,260,-1.0
1877,200,1.0
1878,200,1.0
1879,200,1.0
1880,200,1.0
1881,200,1.0
1882,200,1.0
1883,200,1.0
1319,766,-1.0
1206,881,-1.0
783,774,-1.0
1203,774,-1.0
1418,728,-1.0
1419,728,-1.0
1884,276,-1.0
1118,946,-1.0
940,93,-1.0
398,93,-1.0
399,93,-1.0
397,93,-1.0
373,93,-1.0
1885,27,1.0
1886,27,1.0
1887,27,1.0
1888,27,1.0
1889,27,1.0
1890,27,1.0
289,27,-1.0
292,27,-1.0
293,27,-1.0
283,27,-1.0
1521,1069,-1.0
1891,1069,-1.0
664,140,-1.0
323,352,-1.0
407,352,-1.0
777,237,1.0
778,237,1.0
1892,237,1.0
793,237,1.0
1893,237,1.0
780,237,1.0
907,328,-1.0
1090,247,-1.0
1009,329,-1.0
785,233,1.0
773,233,1.0
774,233,1.0
795,233,1.0
784,233,1.0
1092,233,1.0
783,233,-1.0
781,233,-1.0
782,233,-1.0
544,233,-1.0
741,268,-1.0
214,268,-1.0
1735,1442,-1.0
437,52,-1.0
1712,1287,-1.0
676,181,1.0
714,181,1.0
678,181,1.0
700,181,1.0
686,181,1.0
668,181,1.0
643,181,-1.0
1894,275,-1.0
1895,275,-1.0
1896,275,-1.0
1897,275,-1.0
1898,31,1.0
912,218,-1.0
913,218,-1.0
944,218,-1.0
738,218,-1.0
917,218,-1.0
735,218,-1.0
503,218,-1.0
590,218,-1.0
1696,1390,1.0
1695,1390,1.0
1698,1390,1.0
1697,1390,1.0
425,114,1.0
423,114,1.0
419,114,1.0
420,114,1.0
424,114,1.0
421,114,1.0
422,114,1.0
416,114,-1.0
550,114,-1.0
1082,114,-1.0
551,114,-1.0
639,114,-1.0
752,114,-1.0
1043,101,-1.0
1899,277,-1.0
1179,803,-1.0
1047,105,-1.0
541,105,-1.0
1415,555,-1.0
1151,555,-1.0
1249,555,-1.0
1248,555,-1.0
1664,1493,-1.0
852,850,-1.0
1900,422,-1.0
1901,422,-1.0
1902,422,-1.0
62,422,-1.0
1903,837,-1.0
1904,837,-1.0
1905,837,-1.0
1906,384,-1.0
1907,384,-1.0
1908,384,-1.0
1605,384,-1.0
1909,866,-1.0
1910,866,-1.0
523,271,1.0
1033,271,1.0
874,271,1.0
384,271,1.0
1030,271,1.0
490,271,-1.0
828,257,1.0
827,257,1.0
482,257,1.0
387,257,1.0
1911,257,1.0
1912,1408,1.0
1913,1020,-1.0
1580,1726,1.0
1184,1059,-1.0
1307,1059,-1.0
1111,926,-1.0
1914,67,-1.0
1265,549,-1.0
1264,549,-1.0
489,60,1.0
417,60,1.0
418,60,1.0
552,60,1.0
765,60,-1.0
554,60,-1.0
556,60,-1.0
555,60,-1.0
553,60,-1.0
564,60,-1.0
565,60,-1.0
1075,60,-1.0
488,60,-1.0
563,60,-1.0
1171,764,1.0
1170,764,1.0
1344,764,1.0
1136,764,1.0
1488,764,1.0
1522,764,1.0
1065,74,-1.0
1915,339,1.0
876,339,1.0
1916,339,1.0
870,339,1.0
833,339,1.0
495,339,1.0
753,339,-1.0
540,339,-1.0
1024,339,-1.0
878,339,-1.0
1060,339,-1.0
1016,339,-1.0
1917,1034,-1.0
1078,285,1.0
936,285,1.0
926,285,1.0
918,285,1.0
821,157,-1.0
960,157,-1.0
1918,991,1.0
1919,991,1.0
1920,991,1.0
1921,991,1.0
1922,991,1.0
1923,991,1.0
1924,991,1.0
1098,991,-1.0
1925,890,-1.0
1926,890,-1.0
1927,667,-1.0
1928,667,-1.0
1106,667,-1.0
1238,667,-1.0
1173,1064,-1.0
1929,1064,-1.0
1626,1064,-1.0
1930,1064,-1.0
976,314,1.0
974,314,1.0
973,314,1.0
975,314,1.0
986,314,1.0
983,314,1.0
987,314,-1.0
969,314,-1.0
970,314,-1.0
642,126,1.0
593,126,1.0
594,126,1.0
607,126,1.0
609,126,1.0
606,126,1.0
608,126,1.0
767,228,1.0
768,228,1.0
322,4,1.0
323,4,1.0
327,4,1.0
333,4,1.0
332,4,1.0
102,4,1.0
331,4,1.0
354,4,1.0
329,4,-1.0
324,4,-1.0
328,4,-1.0
325,4,-1.0
326,4,-1.0
330,4,-1.0
352,4,-1.0
51,4,-1.0
302,4,-1.0
306,4,-1.0
52,4,-1.0
124,4,-1.0
1693,1370,1.0
1694,1370,1.0
1645,393,-1.0
1931,216,-1.0
745,216,-1.0
1076,619,-1.0
1292,619,-1.0
1592,973,-1.0
1932,1624,-1.0
1130,1624,-1.0
1933,1624,-1.0
747,219,-1.0
1626,444,-1.0
1934,188,1.0
1935,188,1.0
1936,188,1.0
1937,188,1.0
1938,188,1.0
1125,516,-1.0
1573,516,-1.0
1110,615,-1.0
897,281,1.0
1939,281,1.0
1940,281,1.0
410,281,-1.0
955,148,1.0
956,148,1.0
1066,148,1.0
997,148,-1.0
1603,945,-1.0
1941,551,-1.0
1942,551,-1.0
1943,194,1.0
1944,194,1.0
1945,194,1.0
1946,194,1.0
1947,194,1.0
1948,194,1.0
1296,467,-1.0
1503,900,-1.0
1504,900,-1.0
1211,900,-1.0
1577,778,-1.0
1298,778,-1.0
1949,778,-1.0
1950,778,-1.0
956,451,-1.0
1306,415,-1.0
1152,415,-1.0
1951,96,1.0
1952,96,1.0
1953,96,-1.0
1954,96,-1.0
1767,1747,-1.0
1955,633,-1.0
495,490,-1.0
570,120,1.0
1956,120,1.0
812,120,1.0
1957,948,-1.0
1958,191,1.0
1959,191,1.0
1960,191,1.0
1961,191,1.0
1759,1730,-1.0
1760,1730,-1.0
1962,1063,-1.0
1963,1063,-1.0
1964,1063,-1.0
1251,472,-1.0
1227,472,-1.0
1258,472,-1.0
1422,472,-1.0
1149,511,-1.0
1465,511,-1.0
1511,511,-1.0
1713,1613,-1.0
1965,1613,-1.0
1966,1613,-1.0
1329,661,-1.0
1330,661,-1.0
1967,661,-1.0
1554,661,-1.0
554,552,-1.0
555,552,-1.0
1213,552,-1.0
1968,125,1.0
1969,125,1.0
1970,125,1.0
1971,125,-1.0
1972,125,-1.0
1973,125,-1.0
1974,125,-1.0
1975,125,-1.0
1976,122,1.0
1977,122,1.0
1978,122,1.0
771,122,-1.0
1979,331,-1.0
411,331,-1.0
1980,279,1.0
1981,279,1.0
1982,279,1.0
1061,634,-1.0
1177,634,-1.0
761,634,-1.0
1139,634,-1.0
1983,192,1.0
1984,192,1.0
1502,819,-1.0
1230,819,-1.0
304,16,1.0
358,16,1.0
303,16,1.0
246,16,1.0
247,16,1.0
305,16,-1.0
74,16,-1.0
342,16,-1.0
1985,1062,-1.0
248,44,1.0
267,44,1.0
282,44,1.0
80,44,1.0
77,44,1.0
128,44,1.0
250,44,-1.0
225,44,-1.0
227,44,-1.0
226,44,-1.0
224,44,-1.0
125,44,-1.0
434,72,-1.0
435,72,-1.0
450,72,-1.0
433,72,-1.0
353,38,1.0
294,38,1.0
285,38,1.0
291,38,1.0
259,38,1.0
286,38,1.0
287,38,-1.0
290,38,-1.0
288,38,-1.0
254,38,-1.0
55,38,-1.0
103,38,-1.0
660,254,1.0
537,254,1.0
1050,254,1.0
383,254,1.0
395,332,-1.0
1656,646,-1.0
568,119,1.0
567,119,1.0
569,119,1.0
580,119,1.0
1986,119,1.0
1987,835,-1.0
439,212,-1.0
739,212,-1.0
746,212,-1.0
1988,196,1.0
1989,196,1.0
1990,196,1.0
1991,196,1.0
1992,196,1.0
951,59,-1.0
948,59,-1.0
949,59,-1.0
950,59,-1.0
854,58,1.0
853,58,1.0
1056,58,1.0
406,58,-1.0
412,58,-1.0
1089,58,-1.0
1571,791,-1.0
1088,94,-1.0
496,94,-1.0
186,14,1.0
96,14,1.0
164,14,1.0
53,14,-1.0
162,14,-1.0
163,14,-1.0
99,14,-1.0
1993,0,1.0
1994,0,1.0
1995,0,1.0
1996,0,1.0
1997,0,1.0
1998,0,1.0
1999,0,1.0
2000,0,1.0
2001,0,1.0
2002,0,1.0
2003,0,1.0
2004,0,1.0
2005,0,1.0
2006,0,1.0
2007,0,1.0
2008,0,1.0
2009,0,1.0
2010,0,1.0
360,0,1.0
2011,0,1.0
2012,0,1.0
2013,0,1.0
2014,0,1.0
2015,0,1.0
2016,0,1.0
2017,0,1.0
2018,0,1.0
2019,0,1.0
2020,0,1.0
2021,0,1.0
2022,0,1.0
2023,0,1.0
2024,0,1.0
2025,0,1.0
2026,0,1.0
2027,0,1.0
2028,0,1.0
2029,0,1.0
2030,0,1.0
2031,0,1.0
2032,0,1.0
2033,0,1.0
2034,0,1.0
2035,0,1.0
2036,0,1.0
2037,0,1.0
2038,0,1.0
2039,0,1.0
2040,0,1.0
2041,0,1.0
2042,0,1.0
2043,0,1.0
2044,0,1.0
2045,0,1.0
2046,0,1.0
2047,0,1.0
2048,0,1.0
2049,0,1.0
2050,0,1.0
2051,0,1.0
2052,0,1.0
2053,0,1.0
2054,0,1.0
2055,0,1.0
2056,0,1.0
2057,0,1.0
2058,0,1.0
2059,0,1.0
2060,0,1.0
2061,0,1.0
2062,0,1.0
2063,0,1.0
2064,0,1.0
2065,0,-1.0
2066,0,-1.0
2067,0,-1.0
2068,0,-1.0
2069,0,-1.0
2070,0,-1.0
2071,0,-1.0
2072,0,-1.0
2073,0,-1.0
2074,0,-1.0
2075,0,-1.0
2076,0,-1.0
2077,0,-1.0
2078,0,-1.0
2079,0,-1.0
2080,0,-1.0
2081,0,-1.0
2082,0,-1.0
2083,0,-1.0
2084,0,-1.0
2085,0,-1.0
2086,0,-1.0
2087,0,-1.0
2088,0,-1.0
2089,0,-1.0
2090,0,-1.0
2091,0,-1.0
2092,0,-1.0
2093,0,-1.0
2094,0,-1.0
2095,0,-1.0
2096,0,-1.0
2097,0,-1.0
2098,0,-1.0
2099,0,-1.0
2100,0,-1.0
2101,0,-1.0
2102,0,-1.0
2103,0,-1.0
2104,0,-1.0
2105,0,-1.0
2106,0,-1.0
2107,0,-1.0
2108,0,-1.0
2109,0,-1.0
2110,0,-1.0
2111,0,-1.0
2112,0,-1.0
2113,0,-1.0
2114,0,-1.0
2115,0,-1.0
2116,0,-1.0
2117,0,-1.0
2118,0,-1.0
2119,0,-1.0
2120,0,-1.0
2121,0,-1.0
2122,0,-1.0
2123,0,-1.0
1044,826,-1.0
1582,826,-1.0
816,826,-1.0
591,91,-1.0
888,91,-1.0
619,318,1.0
610,318,1.0
996,318,1.0
995,318,1.0
1076,318,-1.0
611,318,-1.0
1614,450,1.0
1612,450,1.0
1615,450,1.0
1613,450,1.0
1616,450,1.0
1544,450,-1.0
885,450,-1.0
222,30,1.0
221,30,1.0
270,30,1.0
73,30,1.0
231,30,-1.0
57,30,-1.0
2124,30,-1.0
783,786,-1.0
1454,786,-1.0
1452,786,-1.0
1256,786,-1.0
506,786,-1.0
727,259,1.0
748,259,1.0
896,259,1.0
539,259,1.0
1077,259,-1.0
1072,102,-1.0
799,102,-1.0
605,129,1.0
697,129,1.0
672,129,1.0
671,129,1.0
711,129,1.0
1313,652,-1.0
1451,506,-1.0
1219,506,-1.0
1343,506,-1.0
2125,473,-1.0
1123,473,-1.0
1142,473,-1.0
87,994,1.0
85,994,1.0
86,994,1.0
88,994,1.0
84,994,1.0
2126,994,-1.0
946,303,1.0
947,303,1.0
666,303,1.0
1654,589,-1.0
1212,589,-1.0
1496,589,-1.0
1236,596,1.0
2127,207,1.0
635,152,1.0
638,152,1.0
637,152,1.0
584,123,1.0
2128,123,1.0
2129,123,1.0
749,334,-1.0
857,334,-1.0
1337,372,-1.0
344,39,1.0
343,39,1.0
346,39,-1.0
347,39,-1.0
2130,1042,-1.0
2131,1042,-1.0
2132,1042,-1.0
1078,924,-1.0
936,924,-1.0
926,924,-1.0
918,924,-1.0
1305,1090,-1.0
588,165,-1.0
722,165,-1.0
547,165,-1.0
937,165,-1.0
545,165,-1.0
813,165,-1.0
656,165,-1.0
1270,643,-1.0
1399,643,-1.0
1398,643,-1.0
1395,643,-1.0
1271,643,-1.0
1682,1160,1.0
2133,296,-1.0
1417,605,-1.0
1303,605,-1.0
2134,718,-1.0
2135,718,-1.0
1464,462,-1.0
1334,462,-1.0
1190,462,-1.0
2136,202,1.0
2137,202,1.0
2138,202,1.0
2139,202,1.0
2140,202,1.0
2141,838,-1.0
2142,838,-1.0
2143,838,-1.0
2144,838,-1.0
2145,838,-1.0
1252,838,-1.0
2146,874,-1.0
1196,874,-1.0
2147,874,-1.0
2148,874,-1.0
1112,1075,-1.0
1150,1075,-1.0
2149,1075,-1.0
765,1075,-1.0
1670,1485,-1.0
1726,1485,-1.0
1736,1485,-1.0
1727,1485,-1.0
1147,443,-1.0
884,78,1.0
825,78,1.0
866,78,1.0
915,78,1.0
2150,78,-1.0
2151,78,-1.0
2152,78,-1.0
2153,1652,1.0
1427,523,-1.0
2154,171,1.0
661,171,1.0
2155,171,1.0
662,171,1.0
808,171,1.0
2156,171,1.0
1284,1053,-1.0
861,117,1.0
860,117,1.0
2157,117,1.0
2158,117,1.0
2159,117,1.0
577,117,-1.0
771,117,-1.0
1420,865,-1.0
1198,865,-1.0
1567,865,-1.0
1439,510,-1.0
1220,510,-1.0
1263,510,-1.0
1283,903,-1.0
2160,903,-1.0
1148,903,-1.0
1536,894,-1.0
1007,323,1.0
999,323,1.0
1000,323,1.0
1008,323,1.0
1006,323,1.0
2161,323,-1.0
1685,1118,-1.0
1676,1559,-1.0
1381,706,1.0
1382,706,1.0
1383,706,1.0
1373,706,1.0
1602,706,-1.0
1684,1470,-1.0
1720,1470,-1.0
1721,1470,-1.0
1672,1470,-1.0
597,145,-1.0
2162,846,-1.0
2163,846,-1.0
2164,846,-1.0
1314,629,-1.0
2165,1394,-1.0
1606,1028,-1.0
2166,1028,-1.0
1579,956,-1.0
2167,594,-1.0
1267,594,-1.0
1740,1576,-1.0
485,95,-1.0
496,95,-1.0
487,95,-1.0
925,288,1.0
935,288,1.0
924,288,1.0
730,204,1.0
2168,204,1.0
2169,204,1.0
731,204,1.0
2170,204,1.0
2171,204,1.0
732,204,1.0
2172,204,1.0
490,1030,-1.0
1608,463,-1.0
1221,463,-1.0
1244,463,-1.0
60,1,1.0
114,1,1.0
78,1,1.0
59,1,1.0
2173,1,1.0
2174,1,1.0
2175,1,1.0
2176,1,1.0
2177,1,-1.0
2178,1,-1.0
175,1,-1.0
2179,1,-1.0
2180,1,-1.0
2181,1,-1.0
2182,1,-1.0
2183,1,-1.0
61,1,-1.0
62,1,-1.0
2184,1615,-1.0
436,1051,-1.0
2185,825,-1.0
1558,825,-1.0
1512,825,-1.0
1513,825,-1.0
2186,843,-1.0
455,88,1.0
477,88,1.0
2187,88,1.0
2188,88,-1.0
1633,792,-1.0
297,36,1.0
2189,36,1.0
295,36,1.0
296,36,1.0
2190,36,1.0
110,36,1.0
2191,36,-1.0
299,36,-1.0
300,36,-1.0
298,36,-1.0
2192,36,-1.0
264,36,-1.0
54,36,-1.0
1575,824,1.0
1517,824,1.0
1515,824,1.0
1438,824,1.0
1516,824,1.0
2193,824,1.0
2194,208,1.0
2195,208,1.0
2196,750,1.0
2197,750,1.0
624,135,1.0
623,135,1.0
1404,720,-1.0
1289,720,-1.0
1618,720,-1.0
1114,720,-1.0
1191,720,-1.0
2198,720,-1.0
1223,720,-1.0
2199,193,1.0
2200,193,1.0
2201,193,-1.0
1215,453,-1.0
1411,453,-1.0
1556,453,-1.0
2202,453,-1.0
1594,620,-1.0
1741,1689,1.0
1349,502,-1.0
586,115,1.0
576,115,1.0
2203,115,1.0
578,115,1.0
1154,606,-1.0
1217,606,-1.0
1637,606,-1.0
1129,606,-1.0
1702,1380,1.0
1700,1380,1.0
1705,1380,1.0
2204,264,-1.0
886,82,-1.0
601,220,-1.0
736,220,-1.0
2205,220,-1.0
2206,220,-1.0
176,220,-1.0
214,220,-1.0
2207,525,-1.0
2208,525,-1.0
1392,711,1.0
1391,711,1.0
1393,711,1.0
1692,1352,1.0
2209,6,1.0
2210,6,1.0
2211,2,1.0
2212,2,1.0
2213,2,-1.0
1646,931,-1.0
1105,1025,-1.0
1719,1452,-1.0
788,234,1.0
446,234,-1.0
445,234,-1.0
885,234,-1.0
2214,378,-1.0
1541,378,-1.0
375,306,-1.0
1643,429,-1.0
1462,429,-1.0
1647,429,-1.0
1459,429,-1.0
1717,1231,-1.0
1610,1038,-1.0
1746,1315,-1.0
1195,1079,-1.0
1145,1079,-1.0
1324,469,-1.0
1661,469,-1.0
1304,469,-1.0
2215,915,-1.0
2216,915,-1.0
2217,915,-1.0
1725,1484,1.0
1580,1484,1.0
1741,1484,1.0
1689,1484,1.0
1297,1037,-1.0
120,21,1.0
116,21,1.0
119,21,1.0
123,21,1.0
115,21,1.0
2218,21,1.0
280,21,-1.0
281,21,-1.0
279,21,-1.0
118,21,-1.0
278,21,-1.0
117,21,-1.0
122,21,-1.0
121,21,-1.0
2219,21,-1.0
171,21,-1.0
1193,418,-1.0
555,418,-1.0
1231,418,-1.0
2220,418,-1.0
1336,418,-1.0
2221,527,-1.0
504,294,1.0
817,294,1.0
426,294,1.0
2222,401,1.0
622,258,1.0
889,258,1.0
1172,1067,-1.0
1301,1067,-1.0
651,167,1.0
649,167,1.0
363,167,1.0
654,167,1.0
653,167,1.0
2223,301,1.0
1046,301,1.0
1045,301,1.0
2224,301,1.0
2225,301,1.0
859,301,1.0
1160,530,1.0
2226,530,1.0
443,311,1.0
442,311,1.0
806,311,1.0
807,311,1.0
865,311,-1.0
1566,938,-1.0
2227,938,-1.0
1586,986,-1.0
2228,1041,-1.0
1723,1475,1.0
1724,1475,1.0
1722,1475,1.0
2229,199,1.0
2230,199,1.0
725,199,1.0
724,199,1.0
2231,199,1.0
2232,788,-1.0
2233,788,-1.0
2234,788,-1.0
2235,788,-1.0
1449,788,-1.0
2236,788,-1.0
512,210,-1.0
1552,896,-1.0
1379,705,1.0
1377,705,1.0
1380,705,1.0
1378,705,1.0
1657,565,-1.0
2237,111,-1.0
2238,255,1.0
634,255,1.0
826,255,1.0
1048,255,1.0
1044,255,-1.0
761,255,-1.0
307,255,-1.0
1061,255,-1.0
337,255,-1.0
816,255,-1.0
1240,368,-1.0
1494,810,-1.0
1493,810,-1.0
1259,547,-1.0
1576,547,-1.0
87,1308,1.0
85,1308,1.0
86,1308,1.0
2239,1308,1.0
875,883,-1.0
2240,883,-1.0
1346,663,-1.0
2241,904,-1.0
872,48,1.0
871,48,1.0
2242,48,1.0
882,48,1.0
1274,488,-1.0
2243,488,-1.0
1275,488,-1.0
1273,488,-1.0
942,1081,1.0
1424,681,-1.0
1468,681,-1.0
1099,681,-1.0
1257,681,-1.0
1472,681,-1.0
1339,681,-1.0
1345,681,-1.0
1355,681,-1.0
2244,77,-1.0
1635,822,-1.0
2245,822,-1.0
2246,822,-1.0
2247,222,1.0
2248,222,1.0
2249,222,-1.0
2250,222,-1.0
2251,222,-1.0
2252,241,-1.0
409,241,-1.0
1718,1479,-1.0
1127,556,-1.0
1250,556,-1.0
1601,419,-1.0
2253,419,-1.0
1630,419,-1.0
261,37,1.0
262,37,1.0
256,37,1.0
263,37,-1.0
260,37,-1.0
2254,37,-1.0
1200,575,-1.0
2255,550,-1.0
941,302,-1.0
910,302,-1.0
1022,225,1.0
851,225,1.0
835,225,1.0
1021,225,1.0
1020,225,1.0
1745,1605,-1.0
2256,834,-1.0
1254,767,1.0
1428,767,1.0
1247,767,-1.0
1342,767,-1.0
1446,767,-1.0
1228,767,-1.0
1246,767,-1.0
1625,499,-1.0
1476,607,-1.0
466,86,1.0
465,86,1.0
472,86,1.0
377,86,-1.0
476,86,-1.0
457,86,-1.0
2257,1021,-1.0
1596,858,-1.0
1208,612,-1.0
1551,612,-1.0
1197,612,-1.0
2258,176,-1.0
2259,176,-1.0
2260,176,-1.0
2261,176,-1.0
2262,176,-1.0
535,176,-1.0
1443,768,-1.0
1490,768,-1.0
1498,414,-1.0
829,297,1.0
831,297,1.0
832,297,1.0
830,297,1.0
380,297,-1.0
2263,297,-1.0
2264,267,-1.0
820,81,-1.0
520,81,-1.0
518,81,-1.0
519,81,-1.0
2265,1521,1.0
841,1521,1.0
843,1521,-1.0
844,1521,-1.0
847,1521,-1.0
846,1521,-1.0
1253,508,-1.0
881,50,1.0
880,50,1.0
877,50,1.0
361,50,1.0
883,50,1.0
438,50,1.0
875,50,-1.0
2266,524,-1.0
717,183,1.0
681,183,1.0
674,183,1.0
685,183,1.0
713,183,1.0
751,183,-1.0
701,183,-1.0
1548,992,-1.0
1277,992,-1.0
1331,992,-1.0
1593,979,-1.0
1095,979,-1.0
1561,895,-1.0
1294,573,-1.0
1599,573,-1.0
1569,573,-1.0
1269,573,-1.0
1281,573,-1.0
981,310,1.0
980,310,1.0
598,310,-1.0
1237,457,-1.0
1272,554,-1.0
1276,554,-1.0
1241,554,-1.0
1620,554,-1.0
2267,284,-1.0
2268,455,-1.0
1401,678,-1.0
1463,678,-1.0
1400,678,-1.0
1665,1357,-1.0
1600,1087,-1.0
2269,902,-1.0
1557,902,-1.0
108,15,1.0
109,15,-1.0
715,350,1.0
470,84,1.0
468,84,1.0
2270,84,-1.0
405,337,1.0
2271,337,1.0
816,337,1.0
1038,337,1.0
400,337,1.0
603,337,1.0
486,92,-1.0
1595,464,-1.0
1327,464,-1.0
1484,808,1.0
1100,808,1.0
1430,808,1.0
1429,808,1.0
1482,808,1.0
1480,808,1.0
1483,808,1.0
1485,808,-1.0
1478,808,-1.0
1479,808,-1.0
1477,808,-1.0
1481,808,-1.0
1176,420,-1.0
2272,420,-1.0
1245,420,-1.0
1207,420,-1.0
1353,731,1.0
1354,731,1.0
2273,423,-1.0
1532,423,-1.0
2274,423,-1.0
62,423,-1.0
1041,341,1.0
1042,341,1.0
2275,341,1.0
1070,341,1.0
2276,341,1.0
602,341,1.0
822,341,1.0
368,341,-1.0
1774,1765,1.0
1773,1765,1.0
1775,1765,1.0
992,319,1.0
620,319,1.0
993,319,1.0
1059,319,1.0
621,319,-1.0
1431,753,-1.0
1300,753,-1.0
2277,753,-1.0
2278,753,-1.0
939,230,1.0
49,3,1.0
301,3,1.0
338,3,1.0
50,3,1.0
48,3,1.0
341,3,1.0
339,3,-1.0
107,3,-1.0
271,3,-1.0
160,3,-1.0
340,3,-1.0
185,3,-1.0
1233,674,-1.0
1234,674,-1.0
514,484,-1.0
702,177,1.0
1074,177,-1.0
668,177,-1.0
1357,853,1.0
538,134,-1.0
112,134,-1.0
1435,632,-1.0
1243,417,-1.0
2279,19,1.0
2280,19,1.0
2281,19,1.0
2282,19,1.0
2283,19,1.0
2284,19,1.0
2285,19,1.0
2286,19,1.0
2287,19,1.0
2288,19,1.0
2289,19,1.0
2290,19,1.0
2291,19,1.0
2292,19,1.0
44,19,1.0
2293,187,1.0
2294,187,1.0
2295,187,1.0
2296,187,1.0
1442,809,1.0
1052,160,1.0
1031,160,1.0
1029,160,1.0
2297,160,1.0
1508,611,-1.0
1509,611,-1.0
1507,611,-1.0
2298,639,-1.0
2299,639,-1.0
783,435,-1.0
1638,435,-1.0
810,250,1.0
484,250,1.0
989,250,1.0
2300,250,1.0
483,153,-1.0
906,153,-1.0
1335,638,-1.0
1495,989,-1.0
193,41,1.0
209,41,1.0
207,41,1.0
2301,41,1.0
2302,41,1.0
204,41,-1.0
205,41,-1.0
206,41,-1.0
2303,41,-1.0
208,41,-1.0
276,161,-1.0
2304,161,-1.0
892,161,-1.0
1309,617,-1.0
1288,617,-1.0
255,23,1.0
345,23,1.0
257,23,1.0
170,23,1.0
307,23,-1.0
337,23,-1.0
1302,672,-1.0
1397,672,-1.0
1122,377,-1.0
113,20,1.0
104,20,1.0
265,20,-1.0
148,20,-1.0
1547,461,-1.0
252,12,1.0
269,12,1.0
1535,980,-1.0
2305,723,-1.0
2306,459,-1.0
2307,459,-1.0
1519,459,-1.0
1450,446,-1.0
855,321,1.0
382,321,1.0
900,321,1.0
549,321,1.0
994,321,-1.0
1408,725,-1.0
2308,725,-1.0
2309,175,-1.0
1120,395,-1.0
2310,198,1.0
723,198,1.0
663,198,1.0
530,198,-1.0
890,300,1.0
2311,300,1.0
891,300,1.0
2312,300,1.0
2313,421,-1.0
2314,421,-1.0
2315,759,-1.0
1155,759,-1.0
2316,278,1.0
2317,278,1.0
734,278,-1.0
2318,278,-1.0
943,278,-1.0
600,278,-1.0
599,278,-1.0
1751,1712,-1.0
2319,1494,-1.0
1664,1494,-1.0
1454,793,-1.0
733,61,1.0
2320,61,1.0
629,147,1.0
627,147,1.0
630,147,1.0
625,147,1.0
386,147,1.0
626,147,1.0
628,147,1.0
2321,851,-1.0
1086,186,1.0
2322,186,1.0
2323,186,1.0
718,186,1.0
1040,320,1.0
1039,320,1.0
511,320,1.0
510,320,-1.0
2324,370,-1.0
1402,370,-1.0
2325,370,-1.0
1194,1050,-1.0
1166,1050,-1.0
1487,855,-1.0
1523,855,-1.0
2326,873,-1.0
1543,873,-1.0
1229,873,-1.0
559,327,1.0
560,327,1.0
527,327,1.0
526,327,1.0
2327,327,-1.0
2328,298,-1.0
2329,298,-1.0
2330,922,1.0
1492,712,-1.0
1664,1495,-1.0
404,428,-1.0
1140,428,-1.0
1658,428,-1.0
1357,428,-1.0
2331,871,-1.0
1113,871,-1.0
307,345,-1.0
1704,1377,1.0
1699,1377,1.0
1703,1377,1.0
2332,1395,-1.0
265,800,-1.0
307,1610,-1.0
1550,765,-1.0
2333,765,-1.0
1634,765,-1.0
1062,324,-1.0
961,324,-1.0
1143,645,-1.0
1055,195,1.0
1054,195,1.0
401,195,1.0
2334,195,1.0
2335,195,1.0
2336,369,-1.0
2337,116,1.0
571,116,1.0
2338,116,1.0
1546,1039,-1.0
1617,1039,-1.0
815,249,-1.0
2339,249,-1.0
759,227,1.0
758,227,1.0
834,227,1.0
968,227,1.0
1333,465,-1.0
1260,465,-1.0
1261,465,-1.0
1413,465,-1.0
1083,357,1.0
2340,357,1.0
1053,357,1.0
1389,686,1.0
1423,686,-1.0
1742,1376,-1.0
2341,564,-1.0
1433,755,1.0
1432,755,1.0
1473,755,1.0
1545,755,1.0
802,51,-1.0
2342,246,-1.0
805,246,-1.0
2343,246,-1.0
756,184,1.0
757,184,1.0
755,184,1.0
684,184,1.0
699,184,1.0
698,184,1.0
754,184,1.0
673,184,1.0
1073,184,-1.0
908,184,-1.0
449,315,1.0
864,315,1.0
894,315,1.0
364,315,1.0
408,315,1.0
798,315,1.0
978,315,-1.0
365,315,-1.0
2344,203,-1.0
1770,1763,1.0
1772,1763,1.0
1768,1763,1.0
1405,724,-1.0
346,343,-1.0
1429,1718,1.0
1430,1718,1.0
1761,1718,1.0
1051,190,1.0
528,190,1.0
2345,190,1.0
2346,190,1.0
436,190,-1.0
522,190,-1.0
959,98,-1.0
521,98,-1.0
766,98,-1.0
911,98,-1.0
2347,514,-1.0
962,307,1.0
2348,307,1.0
963,307,1.0
965,307,1.0
840,307,1.0
2349,307,1.0
2350,307,1.0
2351,307,-1.0
2352,307,-1.0
1048,307,-1.0
964,307,-1.0
2353,307,-1.0
966,307,-1.0
499,307,-1.0
2354,995,-1.0
920,289,1.0
2355,289,1.0
923,289,1.0
922,289,1.0
921,289,1.0
2356,289,-1.0
2357,289,-1.0
2358,289,-1.0
2359,289,-1.0
2360,289,-1.0
2361,289,-1.0
2362,289,-1.0
1530,471,-1.0
1128,471,-1.0
1162,471,-1.0
1326,471,-1.0
1180,471,-1.0
410,897,-1.0
962,1582,1.0
2363,1582,1.0
963,1582,1.0
965,1582,1.0
840,1582,1.0
2364,1582,1.0
2365,1582,1.0
2366,1582,-1.0
2367,1582,-1.0
1048,1582,-1.0
964,1582,-1.0
2368,1582,-1.0
966,1582,-1.0
499,1582,-1.0
1279,581,-1.0
887,272,-1.0
491,272,-1.0
357,8,1.0
56,8,1.0
2369,8,1.0
2370,8,1.0
58,8,-1.0
356,8,-1.0
2371,8,-1.0
355,8,-1.0
2372,54,-1.0
2373,54,-1.0
2374,1280,1.0
2375,1280,1.0
2376,1280,1.0
2377,1280,1.0
514,226,1.0
441,226,1.0
954,226,1.0
640,226,1.0
811,226,1.0
2378,226,-1.0
2379,226,-1.0
2380,226,-1.0
2381,226,-1.0
1121,999,-1.0
366,340,1.0
493,340,1.0
1032,340,1.0
1034,340,1.0
502,340,-1.0
2382,340,-1.0
2383,797,-1.0
2384,951,-1.0
1161,613,-1.0
1574,613,-1.0
1347,613,-1.0
657,170,1.0
561,170,1.0
562,170,1.0
1750,1669,1.0
1749,1669,1.0
1748,1669,1.0
1747,1669,-1.0
1736,1727,1.0
1726,1727,1.0
1758,1727,1.0
1562,984,-1.0
1188,984,-1.0
2385,1421,-1.0
2386,280,1.0
2387,280,1.0
898,280,1.0
2388,280,1.0
1639,690,1.0
2389,690,-1.0
2390,1623,-1.0
315,978,-1.0
453,80,1.0
454,80,1.0
452,80,1.0
2391,80,-1.0
1096,697,-1.0
1434,454,-1.0
646,163,1.0
2392,163,1.0
1667,1301,1.0
1681,1301,1.0
1680,1301,1.0
1743,1301,1.0
1668,1301,1.0
1711,1301,1.0
1710,1301,1.0
2393,412,1.0
2394,412,1.0
2395,412,1.0
1144,412,-1.0
1023,106,-1.0
276,18,1.0
2396,18,1.0
277,18,1.0
2397,18,1.0
75,18,1.0
2398,18,1.0
359,18,1.0
275,18,-1.0
274,18,-1.0
161,18,-1.0
2399,18,-1.0
1158,708,-1.0
1156,708,-1.0
2400,110,-1.0
1318,867,-1.0
1299,867,-1.0
1501,867,-1.0
868,1018,-1.0
2401,46,1.0
2402,46,1.0
2403,46,1.0
2404,46,1.0
2405,46,1.0
2406,46,1.0
2407,46,1.0
2408,46,1.0
2409,46,-1.0
2410,46,-1.0
2411,46,-1.0
2412,46,-1.0
2413,46,-1.0
2414,46,-1.0
2415,46,-1.0
2416,46,-1.0
218,215,-1.0
744,215,-1.0
743,215,-1.0
214,215,-1.0
1058,56,1.0
428,56,1.0
427,56,1.0
2417,56,-1.0
385,56,-1.0
414,56,-1.0
783,795,-1.0
1004,322,1.0
1003,322,1.0
1002,322,1.0
1005,322,1.0
1001,322,1.0
1037,322,-1.0
524,322,-1.0
525,322,-1.0
786,239,1.0
775,239,1.0
792,239,1.0
790,239,1.0
791,239,1.0
796,239,-1.0
737,213,-1.0
214,213,-1.0
2418,943,1.0
2419,943,1.0
1131,943,1.0
2420,943,1.0
1192,876,-1.0
1631,876,-1.0
1540,876,-1.0
1499,940,-1.0
1165,940,-1.0
2421,47,1.0
2422,47,-1.0
1559,884,-1.0
2423,884,-1.0
1560,884,-1.0
2424,884,-1.0
2425,884,-1.0
1466,884,-1.0
1286,877,-1.0
2426,877,-1.0
87,24,1.0
85,24,1.0
86,24,1.0
84,24,1.0
88,24,1.0
89,24,1.0
318,24,-1.0
319,24,-1.0
320,24,-1.0
321,24,-1.0
131,24,-1.0
2427,949,-1.0
2428,1402,-1.0
415,353,1.0
932,353,1.0
1057,353,1.0
819,353,1.0
106,45,1.0
348,45,1.0
284,45,1.0
203,45,1.0
251,45,-1.0
210,45,-1.0
334,45,-1.0
178,45,-1.0
166,11,1.0
167,11,1.0
168,11,1.0
169,11,1.0
147,11,1.0
126,11,1.0
165,11,-1.0
97,11,-1.0
2429,11,-1.0
2430,11,-1.0
2431,11,-1.0
712,182,1.0
710,182,1.0
709,182,1.0
708,182,1.0
1015,182,1.0
431,182,-1.0
719,182,-1.0
1764,1734,-1.0
71,5,1.0
69,5,1.0
66,5,1.0
65,5,1.0
63,5,1.0
76,5,1.0
68,5,1.0
67,5,-1.0
70,5,-1.0
101,5,-1.0
64,5,-1.0
1447,1033,-1.0
2432,1033,-1.0
2433,679,1.0
1363,679,1.0
2434,679,1.0
2435,679,1.0
1641,679,1.0
2436,1614,-1.0
1715,1614,-1.0
1716,1614,-1.0
1714,1614,-1.0
1325,470,-1.0
1529,470,-1.0
1538,879,-1.0
2437,438,-1.0
1332,1057,-1.0
1094,1057,-1.0
2438,696,-1.0
1589,983,-1.0
1226,983,-1.0
1224,983,-1.0
1225,983,-1.0
1590,983,-1.0
413,290,1.0
933,290,1.0
497,290,1.0
843,262,1.0
844,262,1.0
847,262,1.0
845,262,1.0
2439,262,-1.0
1282,583,1.0
1205,583,1.0
1137,583,1.0
1568,574,-1.0
1580,574,-1.0
1572,574,-1.0
2440,73,1.0
2441,73,1.0
2442,73,1.0
2443,1022,-1.0
2444,1022,-1.0
1474,701,-1.0
1126,1074,-1.0
2445,356,1.0
403,356,1.0
1081,356,1.0
404,356,1.0
2446,559,-1.0
1553,899,-1.0
1174,899,-1.0
1407,780,-1.0
1406,780,-1.0
1097,684,-1.0
1101,715,1.0
1622,715,1.0
2447,715,1.0
977,312,1.0
967,312,1.0
952,312,1.0
953,312,1.0
2448,713,-1.0
1295,713,-1.0
2449,713,-1.0
2450,878,-1.0
1412,878,-1.0
1384,707,1.0
1385,707,1.0
1386,707,1.0
1387,707,1.0
1388,707,1.0
2451,707,-1.0
582,121,1.0
583,121,1.0
2452,121,1.0
581,121,1.0
2453,121,-1.0
596,121,-1.0
595,121,-1.0
604,121,-1.0
1093,561,-1.0
955,561,-1.0
1520,456,-1.0
1510,495,-1.0
1132,737,-1.0
588,166,1.0
722,166,1.0
547,166,1.0
937,166,1.0
545,166,1.0
813,166,1.0
656,166,1.0
374,166,-1.0
1456,784,-1.0
84,993,-1.0
1199,993,-1.0
1287,424,-1.0
2454,424,-1.0
62,424,-1.0
2455,727,-1.0
2456,920,1.0
2457,920,1.0
2458,920,1.0
2459,920,1.0
2460,920,1.0
2461,206,1.0
2462,206,1.0
233,9,1.0
234,9,1.0
239,9,1.0
236,9,1.0
237,9,1.0
72,9,-1.0
235,9,-1.0
240,9,-1.0
105,9,-1.0
232,9,-1.0
238,9,-1.0
1138,1002,-1.0
1537,662,-1.0
1426,662,-1.0
213,29,1.0
215,29,1.0
220,29,1.0
266,29,1.0
111,29,1.0
211,29,1.0
268,29,1.0
2463,29,1.0
218,29,-1.0
176,29,-1.0
216,29,-1.0
217,29,-1.0
212,29,-1.0
219,29,-1.0
214,29,-1.0
1164,494,-1.0
1358,494,-1.0
1104,494,-1.0
2464,494,-1.0
901,185,1.0
823,185,1.0
1187,381,-1.0
1186,381,-1.0
1159,381,-1.0
1609,381,-1.0
157,26,1.0
154,26,1.0
152,26,1.0
158,26,1.0
153,26,1.0
151,26,-1.0
159,26,-1.0
149,26,-1.0
156,26,-1.0
155,26,-1.0
150,26,-1.0
957,214,-1.0
958,214,-1.0
760,214,-1.0
558,214,-1.0
557,214,-1.0
1585,969,-1.0
1182,969,-1.0
1659,509,-1.0
2465,509,-1.0
475,89,1.0
2466,89,1.0
2467,474,-1.0
1588,982,-1.0
1591,982,-1.0
1534,982,-1.0
803,76,-1.0
64,76,-1.0
458,273,-1.0
1564,923,1.0
1124,923,1.0
2468,923,1.0
2469,923,1.0
2470,923,1.0
516,107,1.0
543,107,1.0
378,107,1.0
379,107,1.0
1028,107,1.0
2471,107,-1.0
879,107,-1.0
1036,107,-1.0
753,107,-1.0
2472,336,1.0
587,336,1.0
801,336,1.0
2473,336,-1.0
529,336,-1.0
670,336,-1.0
2474,829,-1.0
2475,829,-1.0
1565,829,-1.0
2476,848,-1.0
2477,848,-1.0
1521,848,-1.0
1706,1379,1.0
1701,1379,1.0
462,85,1.0
463,85,1.0
461,85,1.0
459,85,1.0
467,85,1.0
381,85,-1.0
589,85,-1.0
1506,505,-1.0
1441,505,-1.0
1351,505,-1.0
1178,505,-1.0
1662,668,1.0
1421,668,-1.0
2478,274,-1.0
2479,274,-1.0
2480,274,-1.0
2481,274,-1.0
945,71,-1.0
367,71,-1.0
1445,961,-1.0
1563,921,1.0
2482,921,1.0
2483,921,1.0
2484,921,1.0
2485,921,1.0
2486,354,-1.0
652,169,1.0
546,169,1.0
655,169,1.0
517,169,1.0
258,17,1.0
2487,17,1.0
2488,17,1.0
2489,17,1.0
1357,1056,1.0
2490,1056,1.0
2491,189,1.0
2492,189,1.0
2493,189,1.0
776,236,1.0
789,236,1.0
787,236,1.0
794,236,1.0
507,236,-1.0
506,236,-1.0
508,236,-1.0
509,236,-1.0
2494,845,-1.0
2495,845,-1.0
2496,845,-1.0
2497,333,1.0
2498,333,-1.0
2499,333,-1.0
1731,1580,1.0
1690,1580,1.0
1737,1580,1.0
1689,1580,1.0
1741,1580,1.0
1533,996,-1.0
1489,996,-1.0
1169,1083,-1.0
2500,1083,-1.0
1278,582,-1.0
1469,582,-1.0
1235,582,-1.0
2501,839,-1.0
852,839,-1.0
2502,839,-1.0
2503,839,-1.0
2504,839,-1.0
393,265,1.0
390,265,1.0
391,265,1.0
394,265,1.0
392,265,1.0
895,265,-1.0
916,265,-1.0
998,265,-1.0
471,87,1.0
469,87,1.0
464,87,1.0
460,87,1.0
474,87,1.0
473,87,1.0
899,87,-1.0
814,87,-1.0
1071,87,-1.0
1209,588,-1.0
1360,677,1.0
1361,677,1.0
1370,677,1.0
1291,677,1.0
2505,560,-1.0
612,131,1.0
613,131,1.0
614,131,1.0
615,131,1.0
617,131,1.0
616,131,1.0
494,131,-1.0
1087,131,-1.0
531,131,-1.0
618,131,-1.0
1623,416,1.0
1242,416,1.0
2506,416,-1.0
1628,416,-1.0
2507,416,-1.0
783,773,-1.0
1460,773,-1.0
1214,531,-1.0
1648,531,-1.0
498,103,1.0
492,103,1.0
501,103,1.0
2508,968,-1.0
2509,968,-1.0
572,118,1.0
2510,118,1.0
573,118,1.0
574,118,1.0
575,118,1.0
2511,118,1.0
579,118,1.0
585,118,-1.0
916,1561,-1.0
2512,777,-1.0
1409,777,-1.0
1167,777,-1.0
1116,692,-1.0
1436,762,-1.0
1437,762,-1.0
1293,762,-1.0
1311,1076,-1.0
1644,1076,-1.0
2513,209,1.0
2514,209,-1.0
1730,1514,1.0
1708,1514,1.0
1734,1514,1.0
1729,1514,-1.0
198,40,1.0
199,40,1.0
197,40,1.0
190,40,1.0
100,40,1.0
195,40,-1.0
200,40,-1.0
196,40,-1.0
201,40,-1.0
187,40,-1.0
202,40,-1.0
191,40,-1.0
188,40,-1.0
189,40,-1.0
194,40,-1.0
192,40,-1.0
127,33,1.0
2515,33,1.0
2516,33,1.0
2517,33,1.0
253,33,1.0
2518,33,1.0
2519,33,1.0
2520,33,1.0
223,33,1.0
2521,33,-1.0
2522,33,-1.0
2523,33,-1.0
2524,33,-1.0
1619,691,-1.0
1776,1775,1.0
928,287,1.0
929,287,1.0
930,287,1.0
931,287,1.0
927,287,1.0
919,291,1.0
536,291,1.0
818,291,1.0
1216,452,-1.0
1255,452,-1.0
1210,452,-1.0
1555,452,-1.0
2525,452,-1.0
1011,326,-1.0
836,326,-1.0
478,326,-1.0
2526,79,1.0
914,79,1.0
542,79,1.0
1312,621,-1.0
1204,621,-1.0
1310,621,-1.0
2527,1085,-1.0
2528,1085,-1.0
2529,1085,-1.0
2530,1085,-1.0
1369,685,-1.0
1069,256,1.0
850,256,1.0
842,256,1.0
849,256,1.0
837,256,1.0
2531,256,1.0
1328,970,-1.0
513,266,1.0
1013,266,1.0
1014,266,1.0
1012,266,1.0
856,266,1.0
218,266,-1.0
176,266,-1.0
742,266,-1.0
214,266,-1.0
644,162,1.0
645,162,1.0
2532,162,1.0
370,53,1.0
372,53,1.0
371,53,1.0
369,53,1.0
533,53,-1.0
1080,53,-1.0
1108,548,-1.0
1115,548,-1.0
2533,675,-1.0
2534,475,-1.0
1467,475,-1.0
1640,475,-1.0
984,313,1.0
978,313,1.0
985,313,1.0
1079,313,-1.0
515,313,-1.0
2535,128,-1.0
2536,197,1.0
726,197,1.0
2537,197,1.0
2538,781,-1.0
1410,781,-1.0
1766,1670,1.0
1765,1670,1.0
1683,1193,-1.0
895,390,-1.0
858,57,1.0
636,158,-1.0
909,158,-1.0
1671,1144,-1.0
585,579,-1.0
1280,579,-1.0
1598,579,-1.0
1568,579,-1.0
1268,579,-1.0
1201,579,-1.0
1281,579,-1.0
2539,950,-1.0
2540,950,-1.0
1653,364,-1.0
1651,364,-1.0
1655,364,-1.0
800,104,1.0
1018,104,1.0
2541,342,1.0
750,342,1.0
132,42,1.0
136,42,1.0
140,42,1.0
139,42,1.0
134,42,1.0
145,42,1.0
143,42,-1.0
142,42,-1.0
133,42,-1.0
138,42,-1.0
144,42,-1.0
137,42,-1.0
141,42,-1.0
146,42,-1.0
135,42,-1.0
112,42,-1.0
981,316,1.0
982,316,1.0
979,316,1.0
863,316,-1.0
862,316,-1.0
971,316,-1.0
972,316,-1.0
1026,316,-1.0
797,238,1.0
665,238,1.0
632,238,1.0
633,238,1.0
772,238,1.0
389,238,1.0
779,238,-1.0
2542,293,1.0
2543,293,1.0
2544,293,1.0
2545,293,-1.0
2546,293,-1.0
2547,359,-1.0
1524,476,-1.0
1133,1091,-1.0
1068,178,-1.0
500,178,-1.0
507,235,1.0
506,235,1.0
508,235,1.0
509,235,1.0
776,235,-1.0
789,235,-1.0
787,235,-1.0
794,235,-1.0
1321,689,1.0
1649,689,1.0
1322,689,1.0
1394,695,1.0
1390,695,1.0
720,97,1.0
721,97,1.0
762,97,1.0
1497,814,-1.0
180,28,1.0
179,28,1.0
181,28,1.0
129,28,1.0
184,28,1.0
183,28,1.0
182,28,1.0
177,28,-1.0
349,28,-1.0
350,28,-1.0
351,28,-1.0
1425,748,-1.0
1658,1058,-1.0
2548,1285,-1.0
1500,932,-1.0
2549,847,-1.0
2550,847,-1.0
667,248,1.0
2551,248,1.0
1017,248,1.0
2552,248,-1.0
1103,386,-1.0
1587,975,-1.0
362,355,1.0
2553,355,1.0
942,355,1.0
2554,201,1.0
2555,201,1.0
2556,201,1.0
2557,201,1.0
2558,201,1.0
1583,966,-1.0
963,966,-1.0
1356,966,-1.0
1636,553,-1.0
1323,553,-1.0
1440,553,-1.0
1650,553,-1.0
1539,543,-1.0
1457,785,-1.0
1316,785,-1.0
1315,785,-1.0
1632,785,-1.0
440,55,1.0
934,55,1.0
1505,408,-1.0
728,100,1.0
2559,100,1.0
2560,842,-1.0
2561,842,-1.0
2562,842,-1.0
2563,842,-1.0
2564,1525,-1.0
1157,405,-1.0
1518,405,-1.0
1610,405,-1.0
444,49,1.0
1085,49,1.0
1063,49,1.0
1024,49,1.0
1064,49,1.0
1035,49,1.0
456,49,1.0
1067,49,1.0
1019,49,-1.0
430,49,-1.0
480,49,-1.0
2565,49,-1.0
1455,782,-1.0
1570,782,-1.0
